{"cameraMode":{"drawMode":0,"name":"Shaded","section":"Shading Mode"},"sceneLighting":true,"audioPlay":false,"sceneViewState":{"m_AlwaysRefresh":false,"showFog":true,"showSkybox":true,"showFlares":true,"showImageEffects":true,"showParticleSystems":true,"showVisualEffectGraphs":true,"m_FxEnabled":true},"in2DMode":false,"pivot":{"x":-1.0473147630691529,"y":2.3360965251922609,"z":-0.726834774017334},"rotation":{"x":-0.001817254931665957,"y":-0.9967778921127319,"z":0.0767136812210083,"w":-0.02363639324903488},"size":1.4068957567214966,"orthographic":false}