{"cameraMode":{"drawMode":0,"name":"Shaded","section":"Shading Mode"},"sceneLighting":true,"audioPlay":false,"sceneViewState":{"m_AlwaysRefresh":false,"showFog":true,"showSkybox":true,"showFlares":true,"showImageEffects":true,"showParticleSystems":true,"showVisualEffectGraphs":true,"m_FxEnabled":true},"in2DMode":false,"pivot":{"x":-0.6172459125518799,"y":1.352541208267212,"z":-0.39409172534942629},"rotation":{"x":-0.06674662232398987,"y":-0.9259930849075317,"z":0.31594589352607729,"w":-0.19563567638397218},"size":0.7610968947410584,"orthographic":false}