{"cameraMode":{"drawMode":0,"name":"Shaded","section":"Shading Mode"},"sceneLighting":true,"audioPlay":false,"sceneViewState":{"m_AlwaysRefresh":false,"showFog":true,"showSkybox":true,"showFlares":true,"showImageEffects":true,"showParticleSystems":true,"showVisualEffectGraphs":true,"m_FxEnabled":true},"in2DMode":false,"pivot":{"x":-0.011714041233062745,"y":1.2238622903823853,"z":46.78813171386719},"rotation":{"x":-0.04957125335931778,"y":0.09334518015384674,"z":-0.0046538119204342369,"w":-0.9943912625312805},"size":1.571213722229004,"orthographic":false}