{"cameraMode":{"drawMode":0,"name":"Shaded","section":"Shading Mode"},"sceneLighting":true,"audioPlay":false,"sceneViewState":{"m_AlwaysRefresh":false,"showFog":true,"showSkybox":true,"showFlares":true,"showImageEffects":true,"showParticleSystems":true,"showVisualEffectGraphs":true,"m_FxEnabled":true},"in2DMode":false,"pivot":{"x":0.9627522230148315,"y":1.248044729232788,"z":-0.5248000621795654},"rotation":{"x":0.03132001683115959,"y":0.8511991500854492,"z":-0.05113501846790314,"w":0.5214207172393799},"size":1.3111000061035157,"orthographic":false}