{"cameraMode":{"drawMode":0,"name":"Shaded","section":"Shading Mode"},"sceneLighting":true,"audioPlay":false,"sceneViewState":{"m_AlwaysRefresh":false,"showFog":true,"showSkybox":true,"showFlares":true,"showImageEffects":true,"showParticleSystems":true,"showVisualEffectGraphs":true,"m_FxEnabled":true},"in2DMode":false,"pivot":{"x":-0.23638677597045899,"y":1.1667084693908692,"z":-45.643714904785159},"rotation":{"x":-0.012353249825537205,"y":0.9866147041320801,"z":-0.13551552593708039,"w":-0.08991912752389908},"size":1.2177098989486695,"orthographic":false}